,ID,Matrix
0,74.0,"[ 0.38729555  0.43019183  0.46602774  0.45040846  0.39644833  0.46044557
  0.45921539  0.46628208  0.41191835 74.        ]"
