,ID,Matrix
0,73.0,"[ 0.25000101  0.375       0.375       0.375       0.25000101  0.37507059
  0.3125      0.375       0.375      73.        ]"
