,ID,Matrix
0,104.0,"[  0.23929265   0.35004018   0.46957811   0.27775419   0.44317779
   0.46153846   0.5          0.42356068   0.42356068 104.        ]"
