,ID,Matrix
0,57.0,"[ 0.5         0.33333333  0.5         0.5         0.16666667  0.5
  0.5         0.5         0.33333333 57.        ]"
