,ID,Matrix
0,47.0,"[ 0.35714286  0.28571429  0.5         0.35714286  0.07142857  0.35714286
  0.5         0.35714286  0.42857143 47.        ]"
