,ID,Matrix
0,99.0,"[ 0.36078796  0.36369747  0.45472377  0.31818187  0.40871219  0.36363636
  0.45151874  0.49697328  0.45151874 99.        ]"
