,ID,Matrix
0,69.0,"[ 0.41498918  0.42244024  0.47142935  0.46734835  0.39350253  0.46088156
  0.46941367  0.47267958  0.42348121 69.        ]"
