,ID,Matrix
0,101.0,"[  0.3488658    0.44117647   0.47058824   0.41176471   0.39083598
   0.44117647   0.44117647   0.38287614   0.38235294 101.        ]"
