,ID,Matrix
0,67.0,"[ 0.40519146  0.43448275  0.466948    0.45657492  0.35469662  0.46516258
  0.4390614   0.47534584  0.43214311 67.        ]"
