,ID,Matrix
0,68.0,"[ 0.40901529  0.41917804  0.47528979  0.45883162  0.38521924  0.46072713
  0.46243351  0.46713591  0.41479532 68.        ]"
