,ID,Matrix
0,91.0,"[ 0.38071386  0.40000156  0.4274226   0.47140721  0.34539089  0.42742109
  0.46363636  0.45424164  0.42595436 91.        ]"
