,ID,Matrix
0,82.0,"[ 0.21775927  0.34375     0.43750472  0.3125      0.34375155  0.375
  0.3125      0.34375     0.25106097 82.        ]"
