,ID,Matrix
0,98.0,"[ 0.28129366  0.40625     0.5         0.34379369  0.2822971   0.40625
  0.40625     0.34375     0.3125     98.        ]"
