,ID,Matrix
0,86.0,"[ 0.33902066  0.42307694  0.49038462  0.43330298  0.41460174  0.47115385
  0.43269325  0.43294871  0.41444109 86.        ]"
