,ID,Matrix
0,81.0,"[ 0.37746168  0.41449717  0.46428849  0.44395356  0.37464032  0.4564502
  0.43473509  0.45310078  0.40430838 81.        ]"
