,ID,Matrix
0,92.0,"[ 0.36432722  0.41489375  0.46175423  0.43916512  0.38841981  0.44994442
  0.45858753  0.44994426  0.40947144 92.        ]"
