,ID,Matrix
0,88.0,"[ 0.25000022  0.3125      0.375       0.3125      0.37506022  0.375
  0.375       0.31250022  0.25000022 88.        ]"
