,ID,Matrix
0,83.0,"[ 0.25326399  0.5         0.25001368  0.5         0.25326399  0.5
  0.25326399  0.5         0.5        83.        ]"
