,ID,Matrix
0,94.0,"[ 0.12567489  0.375       0.5         0.12582215  0.12567489  0.375
  0.375       0.25        0.25       94.        ]"
