,ID,Matrix
0,97.0,"[ 0.13071535  0.22109166  0.40909265  0.38637209  0.22110025  0.29546125
  0.32336439  0.209904    0.20973487 97.        ]"
