,ID,Matrix
0,95.0,"[ 0.3121519   0.38372782  0.48115488  0.38463092  0.42307692  0.42307692
  0.46153846  0.46153846  0.42307692 95.        ]"
