,ID,Matrix
0,72.0,"[ 0.43342464  0.34391951  0.42501612  0.41377925  0.43342464  0.45842464
  0.43342464  0.40011075  0.35413268 72.        ]"
