,ID,Matrix
0,87.0,"[ 0.33333333  0.29114788  0.44444446  0.44444444  0.22222277  0.44444444
  0.38888889  0.38888889  0.33333333 87.        ]"
