,ID,Matrix
0,102.0,"[  0.20001431   0.40000018   0.5          0.30007889   0.40001392
   0.5          0.5          0.45000002   0.45001392 102.        ]"
