,ID,Matrix
0,71.0,"[ 0.32117613  0.34615385  0.40384615  0.31987296  0.25002251  0.30769305
  0.36538468  0.34615385  0.25000033 71.        ]"
