,ID,Matrix
0,78.0,"[ 0.33637913  0.40332127  0.46493684  0.42701716  0.38252265  0.46342178
  0.4587621   0.44642837  0.40879086 78.        ]"
