,ID,Matrix
0,80.0,"[ 0.35721273  0.34624574  0.46705628  0.42307707  0.33523305  0.44506121
  0.44505936  0.46153846  0.37580142 80.        ]"
