,ID,Matrix
0,43.0,"[ 0.33333333  0.16666667  0.5         0.33333333  0.16666667  0.16666667
  0.5         0.5         0.         43.        ]"
