,ID,Matrix
0,93.0,"[ 0.3830667   0.3261505   0.47826087  0.47826087  0.33687573  0.41304382
  0.3913044   0.36958004  0.34784057 93.        ]"
