,ID,Matrix
0,77.0,"[ 0.44100233  0.36288757  0.4634225   0.39696564  0.4325069   0.44313397
  0.41874373  0.42688329  0.34147315 77.        ]"
