,ID,Matrix
0,70.0,"[ 0.35746155  0.37963092  0.46296296  0.43964799  0.35658226  0.4444445
  0.44486194  0.40740747  0.3888963  70.        ]"
