,ID,Matrix
0,85.0,"[ 0.23708973  0.3830512   0.44291827  0.38344676  0.29298216  0.41176471
  0.39705882  0.41276253  0.35294118 85.        ]"
