,ID,Matrix
0,79.0,"[ 0.1823418   0.36364414  0.5         0.36363636  0.22727273  0.31818182
  0.36363637  0.40909091  0.36363636 79.        ]"
