,ID,Matrix
0,193.0,"[  0.2500775   0.4         0.3         0.45        0.3         0.35
   0.4         0.3500775   0.35      193.       ]"
