,ID,Matrix
0,120.0,"[  0.38905284   0.4166667    0.47222222   0.41666667   0.36111117
   0.38905284   0.38972129   0.47222222   0.44444444 120.        ]"
