,ID,Matrix
0,129.0,"[  0.42187506   0.421875     0.453125     0.42187506   0.34393491
   0.37500107   0.42187506   0.453125     0.42187506 129.        ]"
