,ID,Matrix
0,213.0,"[  0.35623073   0.39814815   0.47222222   0.43536765   0.37968081
   0.43518519   0.4537037    0.41666667   0.37119282 213.        ]"
