,ID,Matrix
0,180.0,"[  0.22853841   0.33333459   0.40833333   0.475        0.28341256
   0.38333833   0.35124327   0.35         0.30000626 180.        ]"
