,ID,Matrix
0,176.0,"[  0.3876948    0.42163478   0.46133448   0.46677108   0.39538938
   0.4630085    0.46238678   0.45899289   0.4060256  176.        ]"
