,ID,Matrix
0,161.0,"[  0.41023315   0.45454545   0.5          0.40909104   0.40909091
   0.40909091   0.45454545   0.45454545   0.45454545 161.        ]"
