,ID,Matrix
0,166.0,"[  0.28011741   0.34004827   0.42003184   0.48         0.3200801
   0.42         0.4          0.30964973   0.38       166.        ]"
