,ID,Matrix
0,203.0,"[  0.30314348   0.40916204   0.4805842    0.41564356   0.44155861
   0.48051948   0.48051948   0.44805215   0.38563214 203.        ]"
