,ID,Matrix
0,174.0,"[  0.40046752   0.44444444   0.47360361   0.44468626   0.42916034
   0.45833704   0.47222222   0.47222222   0.38830698 174.        ]"
