,ID,Matrix
0,186.0,"[  0.29919979   0.38888891   0.38889202   0.44444444   0.44444444
   0.44444444   0.38888921   0.5          0.44444444 186.        ]"
