,ID,Matrix
0,146.0,"[  0.25         0.28571429   0.39285714   0.35714286   0.28571429
   0.35714286   0.28571429   0.28571429   0.28571429 146.        ]"
