,ID,Matrix
0,197.0,"[  0.4018591    0.4489225    0.46976506   0.4793356    0.43664941
   0.48186456   0.48195202   0.46645272   0.41413869 197.        ]"
