,ID,Matrix
0,178.0,"[  0.3140054    0.3125       0.39583333   0.41666667   0.35422956
   0.4375       0.37581494   0.375        0.31250344 178.        ]"
