,ID,Matrix
0,149.0,"[  0.5          0.5          0.33333333   0.33333333   0.33333333
   0.45344989   0.5          0.5          0.45344989 149.        ]"
