,ID,Matrix
0,159.0,"[  0.35997865   0.37818345   0.45166918   0.38488112   0.33953445
   0.42032749   0.41869919   0.41869919   0.38617976 159.        ]"
