,ID,Matrix
0,164.0,"[  0.36363636   0.40917304   0.5          0.5          0.31818186
   0.5          0.45454545   0.5          0.41320968 164.        ]"
