,ID,Matrix
0,173.0,"[  0.32244379   0.38444747   0.45389487   0.44150722   0.34506688
   0.44147457   0.41367168   0.42323412   0.37287765 173.        ]"
