,ID,Matrix
0,172.0,"[  0.27242187   0.31534562   0.34615726   0.33183281   0.28802625
   0.37142859   0.31655952   0.32857143   0.31428571 172.        ]"
