,ID,Matrix
0,189.0,"[  0.22727664   0.3338065    0.44949854   0.33333333   0.43710928
   0.5          0.44444444   0.44444444   0.38888889 189.        ]"
