,ID,Matrix
0,183.0,"[  0.35841558   0.42105526   0.44814042   0.45332597   0.38672953
   0.45614036   0.46491228   0.42982456   0.38596496 183.        ]"
