,ID,Matrix
0,163.0,"[  0.32216034   0.3617701    0.44306954   0.42969908   0.31026532
   0.41470901   0.38233487   0.37647059   0.34156749 163.        ]"
