,ID,Matrix
0,119.0,"[  0.5          0.5          0.41666667   0.41666667   0.41666667
   0.5          0.41666667   0.5          0.41666667 119.        ]"
