,ID,Matrix
0,204.0,"[  0.35403679   0.44399681   0.47599033   0.44762159   0.42924296
   0.47604977   0.47855653   0.45721946   0.40575222 204.        ]"
