,ID,Matrix
0,188.0,"[  0.24349675   0.3828765    0.45143957   0.44595001   0.37345441
   0.41984733   0.43129771   0.39312723   0.36169661 188.        ]"
