,ID,Matrix
0,170.0,"[  0.40157209   0.5          0.5          0.5          0.45833333
   0.5          0.5          0.5          0.41666673 170.        ]"
