,ID,Matrix
0,187.0,"[  0.29652918   0.42731864   0.46203626   0.43928501   0.38288088
   0.4598822    0.45041355   0.43038902   0.37997064 187.        ]"
