,ID,Matrix
0,212.0,"[  0.40000001   0.45         0.5          0.45         0.40025364
   0.5          0.5          0.5          0.5        212.        ]"
