,ID,Matrix
0,162.0,"[  0.37209302   0.34883745   0.43023256   0.37210108   0.31396156
   0.43023256   0.38372094   0.39534884   0.34920877 162.        ]"
