,ID,Matrix
0,155.0,"[  0.37102195   0.39517518   0.46679188   0.43307092   0.35993968
   0.43733591   0.43224373   0.44180522   0.39121045 155.        ]"
