,ID,Matrix
0,123.0,"[5.0000000e-01 5.0000000e-01 5.0000000e-01 5.0000000e-01 5.0202985e-03
 5.0000000e-01 5.0000000e-01 5.0000000e-01 5.0000000e-01 1.2300000e+02]"
