,ID,Matrix
0,194.0,"[  0.42284836   0.44664446   0.45319942   0.45681181   0.41107457
   0.43861434   0.45061965   0.48148148   0.4280264  194.        ]"
