,ID,Matrix
0,131.0,"[  0.2          0.3          0.4          0.30005343   0.20059153
   0.25         0.25         0.3          0.15005343 131.        ]"
