,ID,Matrix
0,206.0,"[5.00000000e-01 5.00000000e-01 5.00000000e-01 5.00000000e-01
 5.00000000e-01 5.00000000e-01 5.00000000e-01 1.27874054e-02
 5.00000000e-01 2.06000000e+02]"
