,ID,Matrix
0,185.0,"[  0.34598272   0.41662742   0.45378341   0.44069005   0.38961823
   0.46704822   0.45879171   0.4532981    0.40520996 185.        ]"
