,ID,Matrix
0,171.0,"[  0.40395277   0.40334985   0.46050926   0.4689282    0.38617756
   0.46082393   0.45660744   0.4551887    0.40877192 171.        ]"
