,ID,Matrix
0,196.0,"[  0.37278747   0.42054072   0.46414573   0.45895413   0.41802293
   0.47666778   0.4726842    0.45785548   0.3947742  196.        ]"
