,ID,Matrix
0,182.0,"[  0.28096143   0.30252532   0.45454621   0.36129888   0.33567404
   0.47684152   0.41860465   0.37209302   0.3264329  182.        ]"
