,ID,Matrix
0,124.0,"[  0.16666667   0.16666667   0.46666667   0.3          0.13333365
   0.3          0.23333333   0.33333333   0.2        124.        ]"
