,ID,Matrix
0,165.0,"[  0.38888889   0.27777778   0.33333333   0.27777778   0.22222222
   0.33333333   0.33333333   0.33333333   0.33333333 165.        ]"
