,ID,Matrix
0,128.0,"[  0.33333333   0.33333333   0.41666667   0.41666667   0.25
   0.33333333   0.41666667   0.33333333   0.41666667 128.        ]"
