,ID,Matrix
0,145.0,"[  0.82303334   0.5          0.82303334   0.5          0.82303334
   0.5          0.5          0.5          0.82303334 145.        ]"
