,ID,Matrix
0,179.0,"[  0.30962667   0.3787605    0.44057892   0.43415692   0.33966829
   0.43210407   0.38856127   0.40123549   0.34917476 179.        ]"
