,ID,Matrix
0,207.0,"[  0.30013687   0.4          0.45         0.40000122   0.30013963
   0.5          0.5          0.40000122   0.40000399 207.        ]"
