,ID,Matrix
0,190.0,"[  0.33333333   0.41680578   0.5          0.5          0.33333831
   0.5          0.5          0.5          0.33333333 190.        ]"
