,ID,Matrix
0,195.0,"[  0.35289367   0.41886592   0.47032265   0.45655091   0.41885487
   0.4672166    0.47205589   0.4440995    0.34035752 195.        ]"
