,ID,Matrix
0,200.0,"[  0.44444444   0.33656013   0.44444444   0.33336624   0.37737929
   0.5          0.44444444   0.5          0.36291404 200.        ]"
