,ID,Matrix
0,192.0,"[  0.29577756   0.44446037   0.43518519   0.43519007   0.37057112
   0.4537037    0.46296296   0.43545605   0.38003427 192.        ]"
