,ID,Matrix
0,169.0,"[  0.25003466   0.3125       0.3750001    0.3750001    0.3125
   0.3125001    0.375        0.3125       0.3125     169.        ]"
