,ID,Matrix
0,12.0,"[ 0.38759265  0.44623111  0.46230241  0.42439916  0.30186183  0.43869446
  0.45409376  0.45798835  0.42080867 12.        ]"
