,ID,Matrix
0,8.0,"[0.35763163 0.42863233 0.43954892 0.40682712 0.36059846 0.47496162
 0.46243415 0.45822565 0.40442052 8.        ]"
