,ID,Matrix
0,15.0,"[ 0.31267844  0.38682174  0.42900777  0.38386462  0.30770919  0.4513973
  0.41214761  0.41765274  0.34800561 15.        ]"
