,ID,Matrix
0,3.0,"[0.35644683 0.42033571 0.44413742 0.38959233 0.31245479 0.44081346
 0.44971256 0.44415912 0.36422707 3.        ]"
