,ID,Matrix
0,1.0,"[0.31597139 0.4473737  0.42105263 0.36842105 0.26315793 0.39473684
 0.47368421 0.44755034 0.23684864 1.        ]"
