,ID,Matrix
0,2.0,"[0.35895156 0.43103621 0.42241526 0.39657276 0.2804873  0.40517552
 0.46551724 0.44827677 0.36210507 2.        ]"
