,ID,Matrix
0,4.0,"[0.34925555 0.40740507 0.43889939 0.40562027 0.30225397 0.44184849
 0.45000282 0.45277875 0.35505124 4.        ]"
