,ID,Matrix
0,10.0,"[ 0.3316715   0.41373887  0.42714961  0.41756819  0.35012691  0.46818069
  0.45950392  0.45701736  0.4061226  10.        ]"
