,ID,Matrix
0,7.0,"[0.41666667 0.5        0.41666667 0.33333333 0.41666667 0.41666667
 0.5        0.5        0.25039755 7.        ]"
