,ID,Matrix
0,5.0,"[0.36737489 0.4257291  0.46331438 0.41468    0.34154608 0.4608145
 0.45292393 0.4432983  0.37999428 5.        ]"
