,ID,Matrix
0,11.0,"[ 0.30787876  0.42857169  0.44897959  0.40941581  0.29862527  0.46938776
  0.4387765   0.42857928  0.42857294 11.        ]"
