,ID,Matrix
0,6.0,"[0.36168277 0.41382609 0.45172487 0.38629486 0.35979743 0.44150985
 0.44483222 0.42764422 0.3840933  6.        ]"
