,ID,Matrix
0,0.0,"[0.40050364 0.43216622 0.46084447 0.42503078 0.35892931 0.47298616
 0.4561796  0.47231564 0.42696254 0.        ]"
