,ID,Matrix
0,9.0,"[0.3226455  0.42353418 0.43471054 0.38043202 0.37180998 0.46551724
 0.47414269 0.46551724 0.35345245 9.        ]"
