,ID,Matrix
0,237.0,"[  0.25787124   0.35194236   0.41444732   0.39327298   0.32234241
   0.38287116   0.36938515   0.35159707   0.32034707 237.        ]"
