,ID,Matrix
0,236.0,"[  0.34232168   0.37941178   0.4402426    0.40800215   0.33569834
   0.40797122   0.3807733    0.40797117   0.36449291 236.        ]"
