,ID,Matrix
0,250.0,"[  0.25067561   0.31317561   0.4375       0.43780116   0.5
   0.5          0.4375       0.45999362   0.25067617 250.        ]"
