,ID,Matrix
0,224.0,"[  0.25803378   0.36619169   0.44499341   0.43134762   0.3304064
   0.39571939   0.41208814   0.37724081   0.35964367 224.        ]"
