,ID,Matrix
0,234.0,"[  0.28572126   0.33066491   0.40247385   0.39967161   0.29062463
   0.41935484   0.37903226   0.37903226   0.29839931 234.        ]"
