,ID,Matrix
0,217.0,"[  0.23595153   0.28331386   0.39889634   0.36666953   0.2685852
   0.32390905   0.3406784    0.32111681   0.27517794 217.        ]"
