,ID,Matrix
0,232.0,"[  0.34292358   0.37485091   0.39877258   0.4301702    0.32911893
   0.40833904   0.38607595   0.39240506   0.36080031 232.        ]"
