,ID,Matrix
0,227.0,"[  0.38300997   0.39752807   0.47222222   0.41668952   0.38891174
   0.43854255   0.42530596   0.41668952   0.38889616 227.        ]"
