,ID,Matrix
0,243.0,"[  0.34226362   0.40751836   0.46296296   0.42592862   0.38888971
   0.40741013   0.40740741   0.37703597   0.31823661 243.        ]"
