,ID,Matrix
0,244.0,"[  0.3          0.36666667   0.43333333   0.4          0.36666667
   0.4          0.33333333   0.3119966    0.27262418 244.        ]"
