,ID,Matrix
0,225.0,"[  0.35623178   0.38994343   0.4436473    0.44667377   0.3792446
   0.43040466   0.43331379   0.4176116    0.38564925 225.        ]"
