,ID,Matrix
0,231.0,"[  0.36845213   0.41454778   0.45937548   0.45287674   0.39014302
   0.45680297   0.44948596   0.44507043   0.40696864 231.        ]"
