,ID,Matrix
0,223.0,"[  0.27357519   0.30361599   0.42412996   0.3791933    0.28200627
   0.36277434   0.33838451   0.33371105   0.32353436 223.        ]"
