,ID,Matrix
0,228.0,"[  0.36068174   0.38349349   0.44082605   0.4335156    0.36659808
   0.42179195   0.43384216   0.41411371   0.37850906 228.        ]"
