,ID,Matrix
0,241.0,"[  0.35817627   0.35037352   0.45007035   0.45007088   0.42537321
   0.5          0.45         0.475        0.37530284 241.        ]"
