,ID,Matrix
0,248.0,"[  0.31750562   0.42684571   0.43902439   0.45121952   0.34578299
   0.45123015   0.48780488   0.42682927   0.36896993 248.        ]"
