,ID,Matrix
0,230.0,"[  0.37281737   0.3941397    0.46051222   0.44690265   0.37339442
   0.4383121    0.44690266   0.42477877   0.40038231 230.        ]"
