,ID,Matrix
0,238.0,"[  0.32999228   0.41661352   0.44496406   0.43451818   0.38940279
   0.46075474   0.44672907   0.41674745   0.37559755 238.        ]"
