,ID,Matrix
0,255.0,"[  0.25782918   0.38483657   0.42038759   0.39080999   0.30837853
   0.43694322   0.36264451   0.3703705    0.31275918 255.        ]"
