,ID,Matrix
0,229.0,"[  0.32477764   0.35557636   0.42885677   0.40839008   0.31281271
   0.41352095   0.39158021   0.3755421    0.32830837 229.        ]"
