,ID,Matrix
0,226.0,"[  0.36973401   0.41572486   0.43973103   0.45414859   0.40993998
   0.43605118   0.46511628   0.44767433   0.40766543 226.        ]"
