,ID,Matrix
0,246.0,"[  0.30697852   0.41357925   0.44212247   0.43689415   0.3585559
   0.44660406   0.40599004   0.39848015   0.35525627 246.        ]"
