,ID,Matrix
0,233.0,"[  0.34198949   0.41163143   0.45780365   0.44150693   0.37659373
   0.45888536   0.44163346   0.43365024   0.3904312  233.        ]"
