,ID,Matrix
0,245.0,"[  0.28933013   0.36101228   0.42315169   0.36791058   0.38000738
   0.46153846   0.40384615   0.41076727   0.28866959 245.        ]"
