,ID,Matrix
0,251.0,"[2.44964681e-01 3.54452291e-01 4.55722184e-01 3.92580302e-01
 3.03506848e-01 4.30381827e-01 3.60759489e-01 3.12007534e-01
 2.67725652e-01 2.51000000e+02]"
