,ID,Matrix
0,631.0,"[2.85827831e-01 3.21539454e-01 4.28573776e-01 5.00000000e-01
 3.57253740e-01 5.00000000e-01 4.28571429e-01 4.64285714e-01
 2.85825230e-01 6.31000000e+02]"
