,ID,Matrix
0,615.0,"[2.41302910e-01 2.58620691e-01 4.48275862e-01 3.62078219e-01
 2.58620690e-01 3.62068966e-01 2.75862070e-01 2.93103448e-01
 2.24061531e-01 6.15000000e+02]"
