,ID,Matrix
0,621.0,"[2.14285714e-01 2.85714286e-01 4.28571429e-01 2.85714286e-01
 1.42857143e-01 3.57142857e-01 2.85714286e-01 2.85714286e-01
 2.14285714e-01 6.21000000e+02]"
