,ID,Matrix
0,633.0,"[1.31578947e-01 2.63157895e-01 2.10526316e-01 4.47368421e-01
 1.57894737e-01 2.63157895e-01 2.63157895e-01 2.10526316e-01
 1.31578947e-01 6.33000000e+02]"
