,ID,Matrix
0,637.0,"[5.89038858e-02 2.57353530e-01 3.23539587e-01 3.97058824e-01
 1.61764707e-01 4.04411765e-01 2.86764707e-01 2.42657234e-01
 1.10304294e-01 6.37000000e+02]"
