,ID,Matrix
0,503.0,"[3.05893755e-10 5.00000000e-01 5.00000000e-01 3.05893755e-10
 3.05893755e-10 3.05893755e-10 5.00000000e-01 5.00000000e-01
 3.05893755e-10 5.03000000e+02]"
