,ID,Matrix
0,567.0,"[5.0000000e-01 5.0000000e-01 5.0000000e-01 5.0000000e-01 1.3644258e-05
 5.0000000e-01 5.0000000e-01 1.3644258e-05 5.0000000e-01 5.6700000e+02]"
