,ID,Matrix
0,624.0,"[2.64589172e-01 3.33759020e-01 3.63766117e-01 2.88304561e-01
 3.33888774e-01 4.54545455e-01 3.79343319e-01 4.09090909e-01
 2.88304561e-01 6.24000000e+02]"
