,ID,Matrix
0,598.0,"[3.24957958e-01 3.62815105e-01 4.39920235e-01 4.34883886e-01
 2.70464621e-01 4.12184449e-01 3.93336223e-01 4.12060220e-01
 3.50496503e-01 5.98000000e+02]"
