,ID,Matrix
0,519.0,"[4.14815763e-01 4.06305449e-01 4.68755387e-01 4.50067352e-01
 3.83595535e-01 4.53402131e-01 4.58336443e-01 4.89583333e-01
 4.58336444e-01 5.19000000e+02]"
