,ID,Matrix
0,504.0,"[4.29684285e-01 4.40290897e-01 4.68914655e-01 4.69791726e-01
 3.61013811e-01 4.59829580e-01 4.53612472e-01 4.79104782e-01
 4.38236404e-01 5.04000000e+02]"
