,ID,Matrix
0,359.0,"[5.0000000e-01 5.0000000e-01 5.0000000e-01 5.0000000e-01 2.5000000e-01
 2.5042686e-01 5.0000000e-01 5.0000000e-01 5.0000000e-01 3.5900000e+02]"
