,ID,Matrix
0,446.0,"[3.74016207e-09 3.33333333e-01 3.74016207e-09 3.33333333e-01
 3.74016207e-09 1.66666667e-01 1.66666667e-01 1.66666667e-01
 3.74016207e-09 4.46000000e+02]"
