,ID,Matrix
0,564.0,"[4.09090909e-01 4.54545455e-01 4.54545455e-01 4.09090909e-01
 3.19734661e-01 3.63636364e-01 4.09090909e-01 4.54545455e-01
 2.72755325e-01 5.64000000e+02]"
