,ID,Matrix
0,618.0,"[2.20085013e-01 3.21243646e-01 3.80000000e-01 3.10000019e-01
 3.00000000e-01 3.90000000e-01 3.80001145e-01 2.90001857e-01
 2.30084966e-01 6.18000000e+02]"
