,ID,Matrix
0,628.0,"[3.00001975e-01 2.48841314e-01 4.50000000e-01 4.50000014e-01
 3.16666667e-01 4.33333333e-01 4.16666667e-01 3.66666694e-01
 3.66666667e-01 6.28000000e+02]"
