,ID,Matrix
0,606.0,"[9.09247954e-02 2.27272727e-01 1.81823138e-01 2.27283443e-01
 2.72727273e-01 2.27277683e-01 2.27272727e-01 2.72727273e-01
 2.27272727e-01 6.06000000e+02]"
