,ID,Matrix
0,643.0,"[1.3529498e-03 5.0000000e-01 5.0000000e-01 5.0000000e-01 5.0000000e-01
 5.0000000e-01 5.0000000e-01 5.0000000e-01 1.3529498e-03 6.4300000e+02]"
