,ID,Matrix
0,626.0,"[1.61290373e-01 3.39864267e-01 4.03225806e-01 4.19354839e-01
 2.74193548e-01 3.70967742e-01 2.90322581e-01 2.41935484e-01
 2.41935484e-01 6.26000000e+02]"
