,ID,Matrix
0,656.0,"[1.81818182e-01 2.27272727e-01 1.81818182e-01 4.09090909e-01
 1.36363636e-01 4.54545455e-01 3.18181818e-01 3.18181818e-01
 1.36363636e-01 6.56000000e+02]"
