,ID,Matrix
0,590.0,"[2.14386770e-01 2.40002939e-01 4.06771291e-01 3.69408257e-01
 2.31362113e-01 3.69403427e-01 3.09701501e-01 2.89236399e-01
 2.23892191e-01 5.90000000e+02]"
