,ID,Matrix
0,529.0,"[5.00000000e-01 5.00000000e-01 5.00000000e-01 5.00000000e-01
 5.00000000e-01 5.00000000e-01 6.19834295e-09 5.00000000e-01
 5.00000000e-01 5.29000000e+02]"
