,ID,Matrix
0,565.0,"[3.63636364e-01 2.27272729e-01 5.00000000e-01 5.00000000e-01
 4.09090909e-01 4.54545455e-01 4.09090909e-01 4.09090909e-01
 4.09090909e-01 5.65000000e+02]"
