,ID,Matrix
0,550.0,"[5.00000000e-01 5.00000000e-01 5.00000000e-01 5.00000000e-01
 1.99441607e-07 5.00000000e-01 5.00000000e-01 1.99441607e-07
 5.00000000e-01 5.50000000e+02]"
