,ID,Matrix
0,635.0,"[2.77777800e-01 3.88888939e-01 4.44444444e-01 4.44444444e-01
 3.88888889e-01 5.00000000e-01 5.00000000e-01 3.88888889e-01
 3.33333334e-01 6.35000000e+02]"
