,ID,Matrix
0,623.0,"[5.00000000e-01 3.75000006e-01 5.00000000e-01 5.00000000e-01
 5.00000000e-01 5.00000000e-01 5.00000000e-01 5.00000000e-01
 5.00000000e-01 6.23000000e+02]"
