,ID,Matrix
0,630.0,"[5.00000000e-01 3.33333342e-01 5.00000000e-01 5.00000000e-01
 5.00000000e-01 5.00000000e-01 5.00000000e-01 5.00000000e-01
 5.00000000e-01 6.30000000e+02]"
