,ID,Matrix
0,527.0,"[5.00000000e-01 5.00000000e-01 5.00000000e-01 5.00000000e-01
 1.78387252e-05 5.00000000e-01 5.00000000e-01 5.00000000e-01
 1.78387252e-05 5.27000000e+02]"
