,ID,Matrix
0,735.0,"[2.73301926e-01 3.88892886e-01 4.16666738e-01 4.72222222e-01
 3.49237788e-01 4.44279280e-01 4.16671127e-01 3.88892886e-01
 3.34379650e-01 7.35000000e+02]"
