,ID,Matrix
0,731.0,"[3.12137336e-01 3.43211841e-01 4.41747573e-01 4.20001688e-01
 3.39604525e-01 3.49571660e-01 3.90806386e-01 3.44702896e-01
 3.18033470e-01 7.31000000e+02]"
