,ID,Matrix
0,730.0,"[2.5000710e-01 5.0000000e-01 5.0000000e-01 5.0000000e-01 5.0000000e-01
 5.0000000e-01 2.5000834e-01 5.0000000e-01 5.0000000e-01 7.3000000e+02]"
