,ID,Matrix
0,698.0,"[3.89151445e-01 3.89151475e-01 4.51616040e-01 4.18607363e-01
 4.49346722e-01 5.00000000e-01 4.82866040e-01 4.06250337e-01
 3.89151642e-01 6.98000000e+02]"
