,ID,Matrix
0,752.0,"[4.26940471e-01 4.36602947e-01 5.00000000e-01 4.41215538e-01
 4.26368723e-01 4.48279954e-01 4.65517241e-01 4.95300514e-01
 4.26342221e-01 7.52000000e+02]"
