,ID,Matrix
0,699.0,"[3.41836567e-01 3.78062627e-01 4.63414744e-01 3.59327320e-01
 4.02539393e-01 4.56874450e-01 4.39024464e-01 4.63414704e-01
 4.46813083e-01 6.99000000e+02]"
