,ID,Matrix
0,734.0,"[2.80000380e-01 3.57924204e-01 4.20000000e-01 3.80009572e-01
 3.20000000e-01 3.80000000e-01 3.80000667e-01 3.40000000e-01
 2.80009578e-01 7.34000000e+02]"
