,ID,Matrix
0,728.0,"[4.11765116e-01 3.82353355e-01 5.00000000e-01 4.11765116e-01
 3.53052981e-01 4.41176880e-01 4.11892071e-01 4.41176471e-01
 3.54841104e-01 7.28000000e+02]"
