,ID,Matrix
0,700.0,"[3.66760612e-01 3.86057576e-01 4.48447062e-01 4.18516016e-01
 4.32421138e-01 4.44319936e-01 4.05309373e-01 4.79166786e-01
 3.87345582e-01 7.00000000e+02]"
