,ID,Matrix
0,753.0,"[2.94754396e-01 3.79987755e-01 4.43944740e-01 4.50155954e-01
 3.33118742e-01 4.16747824e-01 4.18824949e-01 3.58724563e-01
 3.38395223e-01 7.53000000e+02]"
