,ID,Matrix
0,721.0,"[4.16666667e-01 3.33333333e-01 5.00000000e-01 3.33333333e-01
 4.16666667e-01 5.00000000e-01 5.00000000e-01 5.00000000e-01
 4.16666667e-01 7.21000000e+02]"
