,ID,Matrix
0,771.0,"[2.79372820e-01 3.17697751e-01 3.63651296e-01 4.09022616e-01
 2.94977509e-01 4.19969651e-01 4.31818187e-01 3.85878752e-01
 2.85647102e-01 7.71000000e+02]"
