,ID,Matrix
0,756.0,"[2.64768385e-01 4.25429935e-01 4.41176471e-01 4.70588393e-01
 4.44054058e-01 4.70588235e-01 4.41176471e-01 4.70648099e-01
 3.53002592e-01 7.56000000e+02]"
