,ID,Matrix
0,759.0,"[2.92613579e-01 4.11627881e-01 4.43396226e-01 4.71698113e-01
 3.20801900e-01 4.11768016e-01 4.33962264e-01 3.77359788e-01
 3.64458080e-01 7.59000000e+02]"
