,ID,Matrix
0,740.0,"[2.5000000e-01 5.6554923e-04 2.5000000e-01 2.5000000e-01 5.6554923e-04
 2.5000000e-01 2.5000000e-01 2.5000000e-01 5.6554923e-04 7.4000000e+02]"
