,ID,Matrix
0,738.0,"[2.19781154e-01 2.26259005e-01 3.83332792e-01 4.38169102e-01
 2.59552939e-01 2.84579341e-01 3.67885602e-01 2.51259032e-01
 2.34686521e-01 7.38000000e+02]"
