,ID,Matrix
0,749.0,"[3.05392047e-01 3.77282715e-01 4.50053034e-01 4.45540835e-01
 3.30488800e-01 4.13355996e-01 4.19371545e-01 3.86816704e-01
 3.45203264e-01 7.49000000e+02]"
