,ID,Matrix
0,701.0,"[3.94788081e-01 4.03232079e-01 3.40732092e-01 3.99643913e-01
 2.69788081e-01 5.00000000e-01 4.65732079e-01 3.75000013e-01
 4.03232079e-01 7.01000000e+02]"
