,ID,Matrix
0,745.0,"[3.94510573e-01 3.96551734e-01 4.82758621e-01 4.31092047e-01
 4.28927179e-01 4.48275862e-01 4.48275863e-01 4.34430130e-01
 3.96330238e-01 7.45000000e+02]"
