,ID,Matrix
0,746.0,"[2.56955739e-01 3.36730953e-01 4.42711732e-01 4.49655925e-01
 2.89220050e-01 3.72178514e-01 3.81955890e-01 3.20212326e-01
 2.91718755e-01 7.46000000e+02]"
