,ID,Matrix
0,723.0,"[2.85714286e-01 2.85716005e-01 5.00000000e-01 4.28571429e-01
 2.85714286e-01 5.00000000e-01 4.28571429e-01 3.57142857e-01
 1.42858862e-01 7.23000000e+02]"
