,ID,Matrix
0,724.0,"[1.0002428e-01 4.0002428e-01 4.0000000e-01 3.0000000e-01 3.0000000e-01
 2.0000000e-01 3.0002428e-01 5.0000000e-01 2.0002428e-01 7.2400000e+02]"
