,ID,Matrix
0,709.0,"[3.54095567e-01 3.82269862e-01 4.41167736e-01 4.21255150e-01
 3.40157498e-01 4.20000900e-01 4.80000000e-01 4.60000848e-01
 4.40000358e-01 7.09000000e+02]"
