,ID,Matrix
0,737.0,"[2.35950418e-01 2.81783735e-01 4.14473709e-01 4.49476137e-01
 2.73549282e-01 3.18816593e-01 3.54141814e-01 3.05701825e-01
 2.79276293e-01 7.37000000e+02]"
