,ID,Matrix
0,763.0,"[3.42105264e-01 3.94736843e-01 4.21052633e-01 3.94736843e-01
 2.89474101e-01 4.47368421e-01 4.21053043e-01 4.21052632e-01
 2.89571569e-01 7.63000000e+02]"
