,ID,Matrix
0,720.0,"[4.43968753e-01 2.50000000e-01 3.75000000e-01 3.75000000e-01
 3.75000000e-01 3.75000000e-01 2.50000000e-01 5.00000000e-01
 3.75000000e-01 7.20000000e+02]"
