,ID,Matrix
0,725.0,"[2.98171076e-01 3.88057374e-01 4.68319559e-01 4.50737501e-01
 3.64965753e-01 4.18926196e-01 4.28371772e-01 4.11745294e-01
 3.62024687e-01 7.25000000e+02]"
