,ID,Matrix
0,757.0,"[2.93849620e-01 4.06623346e-01 4.71311989e-01 4.63114759e-01
 3.62027047e-01 4.39493315e-01 4.09836154e-01 3.64767968e-01
 3.44532012e-01 7.57000000e+02]"
