,ID,Matrix
0,741.0,"[3.33333342e-01 3.88888889e-01 3.33334778e-01 3.88888889e-01
 2.81473799e-01 3.88888889e-01 3.88888889e-01 3.88888889e-01
 4.44444444e-01 7.41000000e+02]"
