,ID,Matrix
0,696.0,"[3.99681884e-01 4.37220454e-01 4.58228631e-01 4.52898160e-01
 3.71632419e-01 4.49643060e-01 4.74789918e-01 4.53945194e-01
 4.45478183e-01 6.96000000e+02]"
