,ID,Matrix
0,695.0,"[3.19341581e-01 3.92101853e-01 4.45783133e-01 4.45790747e-01
 3.25306413e-01 4.16219068e-01 3.97591529e-01 4.27710954e-01
 3.77450464e-01 6.95000000e+02]"
