,ID,Matrix
0,712.0,"[2.00000000e-01 4.00000000e-01 4.00000000e-01 5.00000000e-01
 1.00056393e-01 4.00000000e-01 4.00000000e-01 3.00000000e-01
 4.00000000e-01 7.12000000e+02]"
