,ID,Matrix
0,748.0,"[2.85968505e-01 3.36273886e-01 4.35643564e-01 4.50495050e-01
 3.16832544e-01 3.71284497e-01 3.81185357e-01 3.28305992e-01
 2.77420448e-01 7.48000000e+02]"
